0001	Conjure Food|Rank 2
0002	Conjure Water|Rank 2
0003	Create Firestone (Greater)
0004	Create Firestone (Lesser)
0005	Create Firestone (Major)
0006	Create Healthstone (Greater)
0007	Create Healthstone (Lesser)
0008	Create Healthstone (Major)
0009	Create Healthstone (Minor)
0010	Create Soulstone (Greater)
0011	Create Soulstone (Lesser)
0012	Create Soulstone (Major)
0013	Create Soulstone (Minor)
0014	Create Spellstone (Greater)
0015	Create Spellstone (Major)
0016	Curse of Agony
0017	Curse of Doom
0018	Detect Greater Invisibility
0019	Detect Invisibility|Rank 2
0020	Detect Lesser Invisibility
0021	Druid · Feral Combat
0022	Fire Nova Totem
0023	Heal|Rank 3
0024	Hunter · Beast Mastery
0025	Mage · Fire
0026	Paladin · Holy
0027	Polymorph|Pig
0028	Polymorph|Turtle
0029	Priest · Discipline
0030	Rogue · Assassination
0031	Screech
0032	Shaman · Elemental
0033	Shamanistic Rage
0034	Stormwind City
0035	Warlock · Destruction
0036	Warrior · Arms
