0001	18 sec cooldown
0002	28.5% of spell power (direct), 28.5% of spell power (heal), 28.5% of spell power (per tick)
0003	45% and 10% of spell power (direct)
0004	71.4% of spell power (direct)
0005	71.4% of spell power (heal)
0006	75% of spell power (direct), 5% of spell power (per tick)
0007	8.3% of spell power (per tick)
0008	80% of spell power (direct)
0009	81.4% of spell power (direct)
0010	85.7% of spell power (direct)
0011	85.7% of spell power (heal)
0012	9.5% of spell power (per tick)
0013	An instant strike that causes 32% weapon damage plus an additional 5 to 8 as Holy damage.
0014	An instant strike that causes 36% weapon damage plus an additional 7 to 11 as Holy damage.
0015	An instant strike that causes 39% weapon damage plus an additional 12 to 16 as Holy damage.
0016	An instant strike that causes 43% weapon damage plus an additional 22 to 29 as Holy damage.
0017	An instant strike that causes 46% weapon damage plus an additional 33 to 42 as Holy damage.
0018	An instant strike that causes 50% weapon damage plus an additional 40 to 53 as Holy damage.
0019	Applies Light's Vigil to the target for 30 sec. Your next Holy Shock cast on them triggers no cooldown and causes enemy targets to suffer 268 to 288 Holy damage and refund 75% of Light's Vigil's Mana cost, or allied targets to heal their party for 486 to 514. The Paladin may only have one Light's Vigil active per party.
0020	Applies Light's Vigil to the target for 30 sec. Your next Holy Shock cast on them triggers no cooldown and causes enemy targets to suffer 380 to 410 Holy damage and refund 75% of Light's Vigil's Mana cost, or allied targets to heal their party for 684 to 724. The Paladin may only have one Light's Vigil active per party.
0021	Create the reagent for the Blind ability.
0022	Requires Daggers
0023	Requires Two-Handed Axes, Two-Handed Maces, Polearms, Two-Handed Swords, Staves
0024	Still an Arcane talent in Forever. It comes with the talent point.
0025	beta client 1.60.1.70009
