Reduces the Mana cost of your damaging spells by 8%.	使你的伤害法术的法力消耗降低8%。
Reduces the Mana cost of your damaging spells by 17%.	使你的伤害法术的法力消耗降低17%。
Reduces the Mana cost of your damaging spells by 25%.	使你的伤害法术的法力消耗降低25%。
Increases your melee Attack Power in Cat Form, Bear Form, and Dire Bear Form by 50% of your level.	使你在豹、熊和巨熊形态下的近战攻击强度提高相当于你等级50%的数值。
Increases your melee Attack Power in Cat Form, Bear Form, and Dire Bear Form by 100% of your level.	使你在豹、熊和巨熊形态下的近战攻击强度提高相当于你等级100%的数值。
Increases your melee Attack Power in Cat Form, Bear Form, and Dire Bear Form by 150% of your level.	使你在豹、熊和巨熊形态下的近战攻击强度提高相当于你等级150%的数值。
While Aspect of the Hawk is active, Auto Shot has a 2% chance of increasing ranged attack speed by 30% for 12 sec. While Aspect of the Beast is active, all melee auto attacks have a 2% chance of increasing melee attack speed by 30% for 12 sec.	当雄鹰守护激活时，你的自动射击有2%的几率使远程攻击速度提高30%，持续12秒。当野兽守护激活时，你的所有近战自动攻击有2%的几率使近战攻击速度提高30%，持续12秒。
While Aspect of the Hawk is active, Auto Shot has a 4% chance of increasing ranged attack speed by 30% for 12 sec. While Aspect of the Beast is active, all melee auto attacks have a 4% chance of increasing melee attack speed by 30% for 12 sec.	当雄鹰守护激活时，你的自动射击有4%的几率使远程攻击速度提高30%，持续12秒。当野兽守护激活时，你的所有近战自动攻击有4%的几率使近战攻击速度提高30%，持续12秒。
While Aspect of the Hawk is active, Auto Shot has a 6% chance of increasing ranged attack speed by 30% for 12 sec. While Aspect of the Beast is active, all melee auto attacks have a 6% chance of increasing melee attack speed by 30% for 12 sec.	当雄鹰守护激活时，你的自动射击有6%的几率使远程攻击速度提高30%，持续12秒。当野兽守护激活时，你的所有近战自动攻击有6%的几率使近战攻击速度提高30%，持续12秒。
While Aspect of the Hawk is active, Auto Shot has a 8% chance of increasing ranged attack speed by 30% for 12 sec. While Aspect of the Beast is active, all melee auto attacks have a 8% chance of increasing melee attack speed by 30% for 12 sec.	当雄鹰守护激活时，你的自动射击有8%的几率使远程攻击速度提高30%，持续12秒。当野兽守护激活时，你的所有近战自动攻击有8%的几率使近战攻击速度提高30%，持续12秒。
While Aspect of the Hawk is active, Auto Shot has a 10% chance of increasing ranged attack speed by 30% for 12 sec. While Aspect of the Beast is active, all melee auto attacks have a 10% chance of increasing melee attack speed by 30% for 12 sec.	当雄鹰守护激活时，你的自动射击有10%的几率使远程攻击速度提高30%，持续12秒。当野兽守护激活时，你的所有近战自动攻击有10%的几率使近战攻击速度提高30%，持续12秒。
Gives your Arcane Blast spell a 40% chance, and your Fireball, Frostbolt, and Frostfire Bolt spells a 20% chance to reduce the channeled duration of your next Arcane Missiles spell by 50%, reduce the Mana cost by 100%, and missiles fire every 0.5 sec.	使你的奥术冲击有40%的几率，以及你的火球术、寒冰箭和霜火之箭有20%的几率，使你下一个奥术飞弹的引导时间缩短50%、法力消耗降低100%，且飞弹每0.5秒发射一次。
Increases the damage done by your spells by 1% and your critical strike chance by 1%.	使你的法术造成的伤害提高1%，爆击几率提高1%。
Increases the damage done by your spells by 2% and your critical strike chance by 2%.	使你的法术造成的伤害提高2%，爆击几率提高2%。
Increases the damage done by your spells by 3% and your critical strike chance by 3%.	使你的法术造成的伤害提高3%，爆击几率提高3%。
When Seal of Fury's shield is fully absorbed, restore 60 Mana, increased by 15% per level the attacker is above you, up to 45%.	当愤怒圣印的护盾被完全吸收时，恢复 60 点法力值，攻击者每比你高 1 级则提高 15%，最多提高 45%。
Gives you a 8% chance to gain an extra attack after Blocking a melee attack and a 20% chance to gain an extra attack after being the victim of a non-periodic critical strike.	使你在格挡一次近战攻击后有8%的几率获得一次额外攻击，并在受到非周期性爆击后有20%的几率获得一次额外攻击。
Gives you a 16% chance to gain an extra attack after Blocking a melee attack and a 40% chance to gain an extra attack after being the victim of a non-periodic critical strike.	使你在格挡一次近战攻击后有16%的几率获得一次额外攻击，并在受到非周期性爆击后有40%的几率获得一次额外攻击。
Gives you a 24% chance to gain an extra attack after Blocking a melee attack and a 60% chance to gain an extra attack after being the victim of a non-periodic critical strike.	使你在格挡一次近战攻击后有24%的几率获得一次额外攻击，并在受到非周期性爆击后有60%的几率获得一次额外攻击。
Gives you a 32% chance to gain an extra attack after Blocking a melee attack and a 80% chance to gain an extra attack after being the victim of a non-periodic critical strike.	使你在格挡一次近战攻击后有32%的几率获得一次额外攻击，并在受到非周期性爆击后有80%的几率获得一次额外攻击。
Gives you a 40% chance to gain an extra attack after Blocking a melee attack and a 100% chance to gain an extra attack after being the victim of a non-periodic critical strike.	使你在格挡一次近战攻击后有40%的几率获得一次额外攻击，并在受到非周期性爆击后有100%的几率获得一次额外攻击。
When you cast a healing spell, gain Mana equal to 5% of the base cost of the spell if your previous heal was a different spell.	当你施放治疗法术时，若你上一次的治疗是另一个法术，则获得相当于该法术基础消耗 5% 的法力值。
When you cast a healing spell, gain Mana equal to 10% of the base cost of the spell if your previous heal was a different spell.	当你施放治疗法术时，若你上一次的治疗是另一个法术，则获得相当于该法术基础消耗 10% 的法力值。
Increases your spell healing by up to 5% of your total Spirit and your spell damage by up to 1% of your total Spirit.	使你的法术治疗效果最多提高你精神总值的5%，法术伤害最多提高你精神总值的1%。
Increases your spell healing by up to 10% of your total Spirit and your spell damage by up to 3% of your total Spirit.	使你的法术治疗效果最多提高你精神总值的10%，法术伤害最多提高你精神总值的3%。
Increases your spell healing by up to 15% of your total Spirit and your spell damage by up to 5% of your total Spirit.	使你的法术治疗效果最多提高你精神总值的15%，法术伤害最多提高你精神总值的5%。
Increases your spell healing by up to 20% of your total Spirit and your spell damage by up to 6% of your total Spirit.	使你的法术治疗效果最多提高你精神总值的20%，法术伤害最多提高你精神总值的6%。
Increases your spell healing by up to 25% of your total Spirit and your spell damage by up to 8% of your total Spirit.	使你的法术治疗效果最多提高你精神总值的25%，法术伤害最多提高你精神总值的8%。
Instantly strike for normal weapon damage and increase the damage you deal to the target with your next Lightning Bolt, Chain Lightning, or Earth Shock spell by 20% for 12 sec.	立刻进行一次普通武器伤害的攻击，并使你在12秒内用下一次闪电箭、闪电链或大地震击法术对目标造成的伤害提高20%。
Increases health drained or damage done by your Drain Life, Drain Soul, and Wrack spells by 7%.	使你的吸取生命、吸取灵魂和摧残法术吸取的生命值或造成的伤害提高7%。
Increases health drained or damage done by your Drain Life, Drain Soul, and Wrack spells by 13%.	使你的吸取生命、吸取灵魂和摧残法术吸取的生命值或造成的伤害提高13%。
Increases health drained or damage done by your Drain Life, Drain Soul, and Wrack spells by 20%.	使你的吸取生命、吸取灵魂和摧残法术吸取的生命值或造成的伤害提高20%。
Gives you a 23% chance to avoid interruption caused by damage while channeling or casting your Drain Life, Drain Mana, Drain Soul, or Wrack spells.	使你引导或施放吸取生命、吸取法力、吸取灵魂或摧残法术时有23%的几率避免因受到伤害而被打断。
Gives you a 47% chance to avoid interruption caused by damage while channeling or casting your Drain Life, Drain Mana, Drain Soul, or Wrack spells.	使你引导或施放吸取生命、吸取法力、吸取灵魂或摧残法术时有47%的几率避免因受到伤害而被打断。
Gives you a 70% chance to avoid interruption caused by damage while channeling or casting your Drain Life, Drain Mana, Drain Soul, or Wrack spells.	使你引导或施放吸取生命、吸取法力、吸取灵魂或摧残法术时有70%的几率避免因受到伤害而被打断。
Increases the critical strike damage bonus of your Corruption, Bane of Agony, Bane of Doom, Drain Soul, Drain Life, Siphon Life, and Wrack spells by 33%.	使你的腐蚀术、痛苦灾祸、厄运灾祸、吸取灵魂、吸取生命、生命虹吸和摧残法术的爆击伤害加成提高33%。
Increases the critical strike damage bonus of your Corruption, Bane of Agony, Bane of Doom, Drain Soul, Drain Life, Siphon Life, and Wrack spells by 67%.	使你的腐蚀术、痛苦灾祸、厄运灾祸、吸取灵魂、吸取生命、生命虹吸和摧残法术的爆击伤害加成提高67%。
Increases the critical strike damage bonus of your Corruption, Bane of Agony, Bane of Doom, Drain Soul, Drain Life, Siphon Life, and Wrack spells by 100%.	使你的腐蚀术、痛苦灾祸、厄运灾祸、吸取灵魂、吸取生命、生命虹吸和摧残法术的爆击伤害加成提高100%。
Gives your Corruption, Drain Soul, Drain Life, and Wrack spells a 2% chance to cause you to enter a Shadow Trance after damaging the opponent. The Shadow Trance reduces the casting time of your next Shadow Bolt spell by 100%.	使你的腐蚀术、吸取灵魂、吸取生命和摧残法术在造成伤害后有2%的几率使你进入暗影冥想状态。暗影冥想使你下一个暗影箭法术的施法时间缩短100%。
Gives your Corruption, Drain Soul, Drain Life, and Wrack spells a 4% chance to cause you to enter a Shadow Trance after damaging the opponent. The Shadow Trance reduces the casting time of your next Shadow Bolt spell by 100%.	使你的腐蚀术、吸取灵魂、吸取生命和摧残法术在造成伤害后有4%的几率使你进入暗影冥想状态。暗影冥想使你下一个暗影箭法术的施法时间缩短100%。
Increases the damage done or health drained by your Drain Life, Drain Soul, and Wrack spells by 4% per each of your other Affliction effects active on the target, up to a maximum increase of 12%.	使你的吸取生命、吸取灵魂和摧残法术造成的伤害或吸取的生命值提高4%，每多一个你施加在目标身上的痛苦系效果，就再提高4%，最多提高12%。
Increases the damage done or health drained by your Drain Life, Drain Soul, and Wrack spells by 8% per each of your other Affliction effects active on the target, up to a maximum increase of 24%.	使你的吸取生命、吸取灵魂和摧残法术造成的伤害或吸取的生命值提高8%，每多一个你施加在目标身上的痛苦系效果，就再提高8%，最多提高24%。
Increases the damage done or health drained by your Drain Life, Drain Soul, and Wrack spells by 12% per each of your other Affliction effects active on the target, up to a maximum increase of 36%.	使你的吸取生命、吸取灵魂和摧残法术造成的伤害或吸取的生命值提高12%，每多一个你施加在目标身上的痛苦系效果，就再提高12%，最多提高36%。
Increases your off-hand weapon damage by 5%, off-hand Rage generation by 20%, and chance to hit with off-hand attacks by 2%.	使你的副手武器伤害提高5%、副手怒气产生量提高20%、副手攻击命中几率提高2%。
Increases your off-hand weapon damage by 10%, off-hand Rage generation by 40%, and chance to hit with off-hand attacks by 4%.	使你的副手武器伤害提高10%、副手怒气产生量提高40%、副手攻击命中几率提高4%。
Increases your off-hand weapon damage by 15%, off-hand Rage generation by 60%, and chance to hit with off-hand attacks by 6%.	使你的副手武器伤害提高15%、副手怒气产生量提高60%、副手攻击命中几率提高6%。
Increases your off-hand weapon damage by 20%, off-hand Rage generation by 80%, and chance to hit with off-hand attacks by 8%.	使你的副手武器伤害提高20%、副手怒气产生量提高80%、副手攻击命中几率提高8%。
Increases your off-hand weapon damage by 25%, off-hand Rage generation by 100%, and chance to hit with off-hand attacks by 10%.	使你的副手武器伤害提高25%、副手怒气产生量提高100%、副手攻击命中几率提高10%。
