0001	为友方目标施加一个祝福，使其受到的所有来源伤害降低最多10点，持续5分钟。此外，当目标格挡一次近战攻击时，攻击者将受到14点神圣伤害。每名圣骑士在同一玩家身上只能有一个祝福生效。
0002	为队友施加一个祝福，将其每次受到攻击中的45点伤害转移给施法者。持续30秒。每名圣骑士在同一玩家身上只能有一个祝福生效。
0003	对目标施加猎人印记，使所有攻击该目标的攻击者远程攻击强度提高26点。此外，无论目标潜行还是隐形，猎人都能始终看到该目标。目标还会显示在小地图上。持续2分钟。
0004	战士页面上的热门方案
0005	突袭，使目标昏迷2秒，并在18秒内造成120点伤害。必须处于潜行状态且在目标背后。奖励1个连击点数。
0006	用能量灌注所有小队和团队成员，使其暗影抗性提高60点，持续20分钟。
0007	用能量灌注所有小队和团队成员，使其精神提高40点，持续1小时。
0008	用能量灌注所有小队和团队成员，使其耐力提高56点，持续1小时。
0009	用能量灌注目标，使其耐力提高10点，持续1小时。
0010	保护施法者，使护甲提高120点，并使生命值回复速度提高，每5秒回复5点生命值，持续30分钟。
0011	拳击目标，造成20点伤害。它还会打断施法，并使该系法术在4秒内无法施放。
0012	3/3 的穿刺之伤
0013	从友方身上驱散1个有害魔法效果，或从敌人身上驱散1个有益魔法效果。若成功吞噬一个效果，地狱猎犬将回复258点生命值。
0014	驱散敌方目标，移除1个魔法效果。
0015	使你的宠物进入潜行状态，但移动速度降低40%。从潜行状态发起的第一次攻击将获得50%的额外伤害。持续直到取消。
0016	向敌方目标头顶降下星辰碎片，在6秒内造成1,068点奥术伤害。
0017	斜掠目标，造成23点伤害，并在9秒内额外造成48点伤害。奖励1个连击点数。
0018	对十一场暴雪嘉年华直播（Xaryu、Savix、Soda、Esfand、Payo、Pikabooirl 和 Guzu，两天都有）中的每一条天赋提示说明都做了文字识别，并逐一与站点显示的内容对比。有五个等级是错的，现已修正：潜行者伪装的潜行冷却时间在第 2 到第 5 级为 3、4、5 和 6 秒，而不是 4、6、8 和 10 秒；术士灵魂虹吸第 3 级使吸取生命的治疗量降低20%，而不是30%；法师永冻第 3 级额外减速10%，而不是9%；圣骑士明证是 42、85 和 127 点攻击强度，而不是 84 和 126；法师寒冰之指第 2 级保持15%的几率并覆盖接下来 2 个法术，而不是对 1 个法术的30%。另有 56 个此前靠推算的等级与画面逐字吻合，现在显示为已读。位于两个已读等级之间的中间等级，现在按游戏的方式取整，而不再显示半数。
0019	1 级文本已更改。
0020	1 级：12 法力值，瞬发。下一次针对你的近战攻击会对攻击者造成20点暗影伤害，并使其近战攻击强度降低43点，持续2分钟。
0021	1 级：50 法力值，瞬发，20 码，2 分钟冷却。造成50到57点神圣伤害，并最多将目标定身2秒。仅对人形生物有效，威胁值极低。与燃烧的远征思路相同。
0022	1 级：55 法力值，瞬发，3 分钟冷却。在15秒内，任何命中你的法术都会烧掉攻击者18点法力值，并每烧掉一点造成1点暗影伤害。
0023	1 级：瞬发，10 分钟冷却。为你回复220到257点生命值。
0024	38 级时的 3 级：30 法力值，瞬发。任何用法术、近战或远程攻击命中你的人都会受到暗影打击，每几秒一次，造成76点暗影伤害，不产生威胁值。3 次充能，持续10分钟。1 级为 50 法力值和 34 点伤害。
0025	3 级在 38 级时获得（经典旧世要到 46 级才有），且现在有 15 秒冷却。
0026	使你的宠物受到的所有伤害降低50%，并使其攻击间隔延长60%，但每次攻击造成更多伤害。持续12秒。
0027	降低坠落伤害。
0028	使你的射击和钉刺的法力值消耗降低2%。
0029	使你在潜行状态下被敌人发现的几率降低，如同你的等级高出2级。
0030	使你在15秒内被近战和远程攻击命中的几率降低50%，或直到你被躲开3次为止。
0031	使受到的所有攻击伤害降低60%，持续12秒。
0032	使所有商人出售的物品金币价格降低10%。
0033	使添加营地功能的冷却时间降低17%。
0034	每2秒为20码内所有附近小队成员回复133点生命值，持续10秒。德鲁伊必须持续引导以维持该法术。
0035	替换痛苦系的吸取希望：从内部撕裂目标，每1秒造成36点暗影伤害，并使其受到你其他暗影持续伤害效果的伤害提高10%。持续6秒。
0036	替换战斗系的不息之刃：使你的剔骨技能能量消耗降低10点。
0037	使灵魂返回躯体，复活一名死亡的目标，并为其回复1,100点生命值和1,700点法力值。
0038	使灵魂返回躯体，复活一名死亡的目标，并为其回复150点生命值和260点法力值。无法在战斗中使用。
0039	使灵魂返回躯体，复活一名死亡的目标，并为其回复750点生命值和1,200点法力值。
0040	将你的图腾归还大地，为图腾召回摧毁的每个图腾返还其施放所需法力值的25%。
0041	潜行者现在可以使用单手斧了。劈砍天赋将斧/剑列为武器组。
0042	将目标定身在原地，并在21秒内造成112点自然伤害。造成的伤害可能会打断该效果。同一时间只能有 1 个目标被定身。
0043	牺牲虚空行者，为其主人附加一个可吸收1,123点伤害的护盾，持续30秒。护盾存在期间，施法不会因受到伤害而被打断。
0044	牺牲虚空行者，为其主人附加一个可吸收318点伤害的护盾，持续30秒。护盾存在期间，施法不会因受到伤害而被打断。
0045	在 Soda 的法师和术士身上读到了同样的提示说明；牧师也只穿布甲。有读者发现本站这里把皮革护甲列了进去。
0046	3/3 的神圣审判
0047	神圣审判现在两个数字都会随等级变化：第 3 级是返还60%法力值的100%几率，这是在 <a href="https://www.reddit.com/user/ALC0LITE" target="_blank" rel="noopener">u/ALC0LITE</a> 指出后，直接从 Savix 直播中 3/3 的天赋提示说明上读到的。矮人和亡灵种族特长按暴雪自己的深入解析幻灯片重写：石像形态是 3 分钟冷却，物理伤害降低10%；食尸每2秒回复7%的生命值和法力值；坟茔之触是5%的几率，上限为你生命值的5%。
0048	惊吓一只野兽，使其最多恐惧逃跑10秒。造成的伤害可能会打断该效果。同一时间只能恐惧一只野兽。
0049	灼烧敌人，造成111到131点火焰伤害。
0050	圣骑士法术书中的正义圣印
