0001	1.60.1.69876
0002	游戏内插件正在开发中。你希望它有哪些功能？
0003	水栖形态（被动）
0004	奥术光辉
0005	奥术抗性
0006	豹群守护
0007	野性守护
0008	树皮术
0009	以物易物
0010	撕咬
0011	黑箭
0012	光明祝福
0013	牺牲祝福
0014	血之契约
0015	手机上配点，如今和电脑上一样顺手
0016	召唤宠物
0017	先祖的召唤已有提示说明
0018	灵魂召唤
0019	治疗链
0020	逐个职业对照测试服与游戏内实测核对
0021	职业按钮现在是真正的链接
0022	净化
0023	“对比经典旧世”曾在 20 个天赋上显示探索赛季的标记
0024	“对比经典旧世”重新显示经典旧世原文
0025	召唤法力黄水晶
0026	召唤法力红宝石
0027	吞噬暗影
0028	栽培有 1 小时冷却时间
0029	恶魔：地狱猎犬
0030	恶魔：小鬼
0031	恶魔：魅魔
0032	恶魔：虚空行者
0033	恶魔
0034	挫志尖啸
0035	巨熊形态
0036	肢解
0037	沙尘云
0038	元素
0039	魔法光焰
0040	缠绕根须可在室内使用
0041	反馈
0042	豹之优雅
0043	火焰抗性
0044	火焰之盾
0045	火焰易伤
0046	火焰箭
0047	第一个测试服版本
0048	完美执行
0049	专注施法
0050	冰霜抗性
0051	全职业、全等级的法术书
0052	狂怒之嚎
0053	萨满法术书中的幽魂之狼显示其基础 2 秒施法时间
0054	野性赐福
0055	风之优雅图腾
0056	强效王者祝福
0057	强效光明祝福
0058	强效力量祝福
0059	强效拯救祝福
0060	强效智慧祝福
0061	强效治疗术
0062	提示说明恢复了半秒精度
0063	愤怒之锤
0064	神圣愤怒
0065	人类剑专精现在计入自动攻击
0066	猎人陷阱：脱战限制的说明已移除
0067	猎人：智谋与闪电反射的说明与游戏内一致
0068	飓风
0069	冰枪术与奥术冲击属于天赋，并优化了方案已满时的提示
0070	强化幽魂之狼 2 级为 3.0 秒，幽魂之狼为 3 秒施法
0071	强化神圣打击 2 级据 Xaryu 的圣骑士实机读取
0072	地狱火
0073	激活
0074	撕裂
0075	痛苦鞭笞
0076	传承树可以点击了，每个方案还附有升级顺序
0077	次级隐形术
0078	闪电吐息
0079	较长的法术书提示说明现在可以滚动查看
0080	自然抗性
0081	全新的分享卡片，法术书已上首页
0082	9 个战士天赋图标原本是推测的，现已换成真实图标
0083	牧师种族技能不再显示“需要暗影形态”
0084	偏执
0085	宠物：蝙蝠、猛禽、食腐鸟、风蛇
0086	宠物：熊
0087	宠物：熊、猛禽、食腐鸟、猫、螃蟹、迅猛龙、蝎子
0088	宠物：猛禽
0089	宠物：猛禽、食腐鸟、风蛇
0090	宠物：野猪
0091	宠物：食腐鸟
0092	宠物：猫
0093	宠物：螃蟹
0094	宠物：鳄鱼
0095	宠物：狐狸
0096	宠物：猩猩
0097	宠物：土狼
0098	宠物：迅猛龙
0099	宠物：蝎子
0100	宠物：蜘蛛
0101	宠物：陆行鸟
0102	宠物：龟
0103	宠物：风蛇
0104	宠物：狼
0105	宠物：全部种类
0106	宠物
0107	相位变换
0108	猪
0109	钳击
0110	热门方案，来自你们真实的配点
0111	传送门：达纳苏斯
0112	传送门：铁炉堡
0113	传送门：奥格瑞玛
0114	传送门：暴风城
0115	传送门：雷霆崖
0116	传送门：幽暗城
0117	坚韧祷言
0118	暗影防护祷言
0119	精神祷言
0120	牧师种族技能已补全
0121	穿刺创伤 2、3 级已修正，推算器也更聪明
0122	施法材料：十字章
0123	施法材料：奥术粉末
0124	施法材料：白蜡木种子
0125	施法材料：恶魔雕像
0126	施法材料：圣烛
0127	施法材料：角树种子
0128	施法材料：地狱石
0129	施法材料：铁木种子
0130	施法材料：轻羽毛
0131	施法材料：枫树种子
0132	施法材料：传送门符文
0133	施法材料：传送符文
0134	施法材料：神圣蜡烛
0135	施法材料：闪亮的鱼鳞
0136	施法材料：荆棘种子
0137	施法材料：神圣符记
0138	施法材料：王者符记
0139	施法材料：野生浆果
0140	施法材料：野生荆棘根
0141	鲁莽
0142	需要战斗姿态、防御姿态
0143	需要狂暴姿态
0144	需要枪械
0145	需要投掷武器
0146	末日仪式
0147	牺牲
0148	安全降落
0149	野蛮撕扯
0150	已保存方案：可存 500 套、按职业分类，并支持备份
0151	已保存方案：不同职业的同名方案不再互相覆盖
0152	蝎毒
0153	第二个测试服版本
0154	魅惑
0155	暗影
0156	暗影抗性
0157	甲壳护盾
0158	更短的分享链接
0159	安抚之吻
0160	灵魂之火
0161	法术书提示说明现在可与经典旧世对比
0162	法术书：新增了什么、更名了什么，以及按等级查看
0163	随天赋获得的法术现已加入法术书
0164	星辰碎片与艾露恩的恩泽已从牧师法术书中移除
0165	直播布局：可移动和缩放页面，让摄像头永不遮挡天赋
0166	受苦
0167	梳理了每一场暴雪嘉年华直播
0168	战术掌握保留 10 点怒气；嘲讽打击仍需战斗姿态
0169	传承技能“天赋异禀”：满级时从 5 级起获得天赋点
0170	永恒天赋年度回顾
0171	天赋现已与测试服客户端一致
0172	传送：达拉然
0173	传送：达纳苏斯
0174	传送：铁炉堡
0175	传送：月光林地
0176	传送：奥格瑞玛
0177	传送：暴风城
0178	传送：雷霆崖
0179	传送：幽暗城
0180	10 个猎人天赋图标已替换为真实图标
0181	肌腱撕裂
0182	厚皮 2 级据影像资料读取
0183	第三个测试服版本
0184	雷霆践踏
0185	提示说明会解释其中提到的法术
0186	折磨
0187	图腾投掷为地面指向技能
0188	虚弱之触
0189	追踪龙类
0190	追踪巨人
0191	宁神射击
0192	欺诈者之舞
0193	龟
0194	来自 Pikaboo 决斗视频的 12 条法术书提示说明
0195	未知
0196	乱射
0197	战士提示说明经读者视频核实，霜火之箭是法师法术
0198	蛛网
0199	“更新内容”现在还覆盖游戏本体
0200	风怒武器，据读者截图读取
0201	风墙图腾与图腾投掷，据 Soda 的萨满视频读取
0202	摧残
0203	年度回顾与热门方案已补上缺失天数重新统计
